{
    "f1_score": 0.9367088607594937,
    "accuracy": 0.9367088607594937
}