{
    "f1_score": 0.9666666388511658,
    "accuracy": 0.9666666666666667,
    "train_loss": 0.06631348889909293,
    "val_loss": 0.18664742354303598,
    "epoch": 26
}